"a__name","a__state","cp__id"
Abbe Mation,NY,10692
Addie Northey,OH,10907
Agnes Haslin,NY,10947
Alejandro Ackeroyd,PA,10028
Aleksandr Menezes,CA,10691
Allegra Beadnall,KS,10924
Alvy Bohea,AZ,10183
Alyson De Domenico,DC,10051
Amara Atmore,NY,10884
Amber Bradmore,CA,10129
Andromache Roobottom,AK,10781
Ann Dooly,ID,10549
Anstice Feeham,OH,10363
Anthony Herion,MI,10866
Anthony Prandoni,KS,10145
Archibald Doogue,MO,10513
Arturo Minto,MI,10713
Aryn Danielsohn,MO,10676
Augustus Plet,OH,10772
Aurelia Philps,AZ,10058
Aurora Deport,TX,10063
Aurore Groger,MI,10982
Baudoin Witz,NY,10505
Bekki Smiley,NE,10109
Bent Cowdrey,IL,10387
Bernadina Hesser,TX,10818
Bernadina Siaskowski,IN,10658
Berthe Casement,IA,10750
Brande Mowson,OK,10395
Brandie Pedroni,FL,10251
Brendon Nono,CA,10898
Brett Chipp,IL,10669
Briny Maplestone,WV,10424
Brittany Ritson,DC,10539
Brooks Barkaway,FL,10334
Byron Dibson,ID,10239
Cacilia Fernandez,TN,10117
Caleb Walder,LA,10465
Cami Priel,GA,10229
Candide Hockell,NJ,10751
Carol-jean Sappson,MO,10913
Carolann Naisbit,FL,10132
Cedric Ilyin,CA,10959
Celle Di Nisco,NE,10707
Charline Gosling,DC,10961
Charmion Lettuce,WI,10008
Chen Bensusan,CO,10992
Cherianne Gorusso,TX,10976
Cherish Shenton,AZ,10530
Cheslie Josilowski,DC,10294
Chiquita Nellis,VA,10852
Cirilo Coole,CA,10611
Colby Mortlock,NV,10814
Collie Goves,FL,10483
Con Feare,CA,10839
Corrina Stackbridge,DC,10607
Dana Batt,ID,10035
Daphna Franses,CA,10003
Dav Estoile,GA,10831
Dell Roundtree,FL,10702
Delphine Corner,NC,10915
Dolorita Corringham,WA,10386
Dominga Clemerson,OH,10596
Dorice De Biasi,AK,10838
Dorris Etienne,CA,10220
Douglas Celler,FL,10595
Dulciana Egell,WA,10730
Ediva Cossans,AR,10428
Elaina Domek,KY,10120
Elenore Willbond,MI,10318
Elisabeth Hulburt,IL,10362
Elston Nore,CA,10560
Emily Fantini,CA,10834
Erma Spiby,AZ,10065
Esme Rogerot,TN,10858
Eustace Scholling,TX,10851
Fancy Beard,CA,10486
Farris De Hooge,AZ,10372
Ferdy Orhtmann,CA,10524
Fields Cullity,IL,10699
Findlay Soulsby,AL,10870
Finn Lesley,IA,10327
Forster Huckin,FL,10872
Fran Cotton,AZ,10103
Francesca Duckitt,AZ,10398
Garland Langer,NJ,10466
Gayel McDell,KS,10267
Georgiana Winterscale,OH,10055
Gian Menguy,MD,10478
Graig Zorn,IL,10126
Gretel Philippart,KS,10587
Guillemette Challiner,TX,10031
Hamilton Rotlauf,NY,10137
Harriet Andrewartha,CA,10923
Haze Pyatt,TX,10917
Hazel MacAfee,MO,10410
Hedda MacCrosson,MD,10026
Hendrick Bulbeck,CA,10161
Horacio Lerhinan,CA,10023
Hube Dany,CA,10192
Hyacinth Boatswain,NE,10097
Ingar Phipps,FL,10274
Ingelbert Villa,CA,10472
Isadore Lubbock,TN,10200
Jackie Pollen,FL,10479
Jaime Oldford,MD,10647
Jamil Ledger,WA,10978
Jamil Stut,PA,10536
Jamison Owbrick,FL,10624
Janaya Durant,NV,10783
Janie Leet,CA,10782
Jareb Trengove,FL,10767
Jeniece Petrusch,LA,11000
Jeramey Gerram,WI,10928
Jesse Briddle,OR,10631
Joella Fishpoole,DC,10178
Jolynn Barstock,OH,10681
Juliane McGinly,WA,10342
Justinn Cowlam,CA,10182
Kahlil Shotbolt,SC,10160
Kailey Shackleton,TX,10295
Kane Gow,TN,10393
Kariotta McCourt,LA,10422
Karlotta Braime,MA,10552
Katherina Brearley,NJ,10661
Kathie Bunford,MN,10935
Kennett Allman,FL,10354
Kevan Clayton,OK,10374
Kimble Derr,CO,10574
Kippie Wholesworth,TX,10343
Kizzie Beeson,TX,10986
Kurt Keeting,LA,10667
Kurtis Spikeings,LA,10780
L;urette Barnhart,NM,10449
Lanae Anstice,TX,10696
Larisa Wasselin,HI,10613
Leisha Hawkslee,MO,10557
Lenna Rheubottom,NY,10983
Leonerd Hubach,AZ,10194
Lindie Rennebeck,CA,10001
Lloyd Merman,FL,10360
Lon Oake,NY,10768
Lucille Payn,CA,10770
Mabelle Thurbon,NC,10721
Maegan Ossulton,FL,10671
Mahala Morican,NY,10164
Marcella Di Matteo,WA,10248
Marcia Brakespear,IL,10350
Marjy Whight,MD,10095
Marleah Overton,CA,10771
Martica Webber,TX,10246
Marybeth Marwood,MO,10824
Maryjo Swain,MO,10402
Maryl Hartigan,MA,10575
Maurita Rablin,WV,10072
Maynord Cloughton,ID,10124
Mel Kernell,KY,10909
Melicent McLice,WA,10133
Melinde Sancho,TX,10054
Mellisa Willeson,VA,10431
Melonie Hadfield,CA,10388
Melosa Oxlade,TX,10756
Meredith Tome,NY,10630
Micah Rusted,FL,10827
Michelina Fedoronko,GA,10234
Micky Clayden,NV,10425
Millisent McIllroy,CO,10448
Milt Ball,CA,10853
Milty Itscowics,NY,10542
Minne Bryning,NY,10228
Mirelle Noteyoung,DC,10433
Mortimer Boxhall,CO,10732
My Grabham,DC,10287
Natale Thurner,TX,10106
Nathalie Anderton,WI,10061
Neale Tommasi,HI,10297
Nettie Tredwell,IL,10507
Nicol Edgin,IN,10492
Noelani Fairlam,KS,10302
Nowell Darragh,FL,10998
Ogdan McLugish,FL,10259
Opaline Eefting,WV,10620
Patience Iannello,CA,10685
Patton Ducroe,TX,10523
Payton Allchin,AL,10403
Peirce Lyes,TN,10227
Queenie Blemings,WI,10910
Rabi Tybalt,TN,10514
Raffaello Figg,TX,10646
Randolph Baiss,MA,10677
Raymund Tremonte,MN,10945
Raynard Kalvin,CA,10409
Reinwald Kime,WA,10280
Reinwald Straughan,CA,10817
Rem Iggalden,FL,10223
Revkah Pinkerton,TN,10875
Rhiamon Yerborn,FL,10626
Riannon Orris,MO,10414
Ricky Normavill,TX,10886
Robb Lightman,CA,10519
Robert Patel,CA,10545
Rodge Toderi,OH,10289
Ron Ashbee,NY,10566
Rosalynd Corneljes,AZ,10377
Rosina Tregust,FL,10190
Roxi Tebbut,OR,10176
Sally Clymer,CA,10400
Shandeigh Lygo,CT,10728
Sherye Marflitt,FL,10105
Sigrid McAless,TN,10357
Sonia Quadling,MT,10139
Spencer Scamadine,GA,10243
Spencer Sellor,TN,10128
Stephani Kinny,MA,10820
Susanne Mattheissen,AZ,10118
Susy Lambertson,MN,10984
Sutherlan Arnaldo,AZ,10111
Sydney Huxtable,TN,10672
Tabina Reston,AZ,10024
Tallou Yantsev,NC,10580
Tamqrah Riceards,NY,10668
Tani Di Ruggiero,LA,10650
Tanney Scutchin,NM,10123
Ted Legier,UT,10189
Teodora MacSharry,CA,10494
Tessa Vidgeon,NY,10093
Tessy Ducker,KY,10112
Thayne Quarrington,CA,10059
Tisha Maggi,NV,10943
Tobye Vashchenko,FL,10216
Torre Hedgeley,FL,10652
Towney Muckle,CO,10977
Travus Rudgerd,WA,10238
Tricia Goadbie,WI,10069
Troy Beardwell,MD,10308
Tynan Wortley,GA,10937
Urbanus Makeswell,IL,10876
Valencia Sawyer,CA,10473
Victoria Frazer,TX,10476
Vina Rapaport,LA,10722
Vivyanne Schulter,GA,10655
Waldemar Orrock,NC,10271
Waldo Toffano,NY,10368
Wandis Scriviner,NY,10110
Web Kondrachenko,NV,10420
Wynn Thynne,OH,10119
Xenos Bradick,AL,10316
Zora Teliga,FL,10844
Abbie Dishmon,OR,10885
Adrien Northway,FL,10173
Aeriela Ullyatt,GA,10879
Aggi Odgaard,CT,10116
Aili Hovert,MI,10697
Aili Simla,CA,10171
Alika Duligall,CA,10666
Aliza Cowell,VA,10709
Amandi Baddeley,NY,10311
Amargo Prestage,MI,10456
Amberly Gyves,NY,10167
Amelia Dachs,PA,10848
Andres Lancaster,NE,10361
Anni Matheson,MO,10201
Antonella Custy,FL,10573
Appolonia Andretti,AZ,10108
Archy Peert,NY,10172
Ari Ferentz,PA,10019
Arvy Sach,TX,10911
Auberon Halladay,IA,10070
Aubrette Tomkiss,OH,10356
Austina Bagster,TX,10531
Averell Thacker,UT,10134
Averell Wardhaw,MA,10745
Avigdor Lowthian,CO,10581
Bald Arling,MI,10079
Barbie Keese,NV,10586
Barde Adanet,AL,10040
Barret Windham,NY,10897
Barry Gyford,LA,10328
Bartolemo Costigan,FL,10144
Binni Grewe,VA,10861
Bobbye Dean,KS,10537
Braden Hawley,NM,10066
Brant Chaves,CA,10526
Brewer Rheaume,CA,10121
Brien Hun,NE,10929
Brittne Mc Ilwrick,IA,10336
Bronson Twiggins,NH,10776
Bruis Becarra,TX,10264
Brunhilde Fussen,KS,10159
Burch Jeskins,NJ,10648
Burch Loxley,CO,10856
Burgess Gorioli,IL,10757
Calhoun Mesnard,WI,10637
Calv Oliver-Paull,NV,10569
Candice Bumpus,CO,10525
Carilyn Korneichik,CA,10049
Carolee Fettis,IN,10934
Carri Keaveney,OH,10477
Casie Carless,KS,10158
Cece Crosson,UT,10561
Ceil Hrycek,OH,10487
Cello Hamor,NE,10162
Chane Deary,NC,10224
Charmain Jenkins,PA,10324
Cherilyn Riccelli,MN,10944
Christian Coghlin,NY,10432
Claire Howsley,CT,10488
Claudia Steuhlmeyer,TX,10469
Clemmie Lethieulier,KS,10649
Constantino Petruszka,TX,10501
Coop Ferrarello,FL,10205
Cornall Menichi,NY,10022
Crawford Destouche,CA,10981
Cristobal Simm,IN,10940
Curt Candish,LA,10789
Daisie Durber,FL,10011
Dall Bonney,VA,10080
Dannie Fluck,WV,10375
Darbee Culpen,FL,10629
Debby Linfield,CO,10995
Demetrius Mularkey,FL,10869
Deni Cruickshanks,GA,10326
Dennet Cattellion,KY,10700
Desi Halgarth,AL,10755
Devon Latour,NC,10337
Dicky Monro,PA,10914
Dominique Toffolini,NC,10365
Donovan Vanes,TX,10847
Dosi Getty,NY,10723
Drucie Woodings,OH,10309
Drugi Edginton,AK,10288
Eduardo Crinion,TX,10266
Elita Gives,AL,10439
Erin Mutter,FL,10517
Estrella Wildblood,MT,10457
Eugen Lembrick,TX,10598
Ezra Shirer,VA,10518
Farr Castro,CA,10260
Fedora Riggey,CT,10511
Fergus Hauxby,CO,10186
Ferguson Wynett,TX,10922
Flint Duthie,TX,10903
Frannie Gauvin,TN,10572
Freddy Ettery,IN,10600
Gay Siemianowicz,NH,10799
Gaylord Heyfield,WI,10774
Gerardo Mattimoe,CA,10747
Gerhardine Salman,CA,10390
Gerri Banfield,CA,10810
Gerri Bilofsky,NJ,10198
Gibbie Reiner,MI,10214
Gibby Orviss,CA,10701
Gilligan Rothwell,NY,10454
Glynis Stanlock,TX,10614
Gnni Tonkin,CO,10014
Granger Alu,CA,10346
Guido Laxe,PA,10556
Gunar Teaser,DC,10154
Gusty Ragles,LA,10140
Hadria Coulsen,NC,10785
Helen-elizabeth Starbeck,CO,10038
Hillyer Toffolo,FL,10921
Horatia Barwis,IL,10758
Howey Rarity,CA,10261
Hyacintha Cessford,CA,10435
Inesita Baily,CO,10804
Inness Linney,IL,10359
Jackson Phillipson,IN,10515
Janeta Ricards,MN,10046
Jasmina Kingswood,DC,10092
Jedidiah McCracken,TX,10217
Jefferey Gives,NE,10075
Jessalin Odom,IL,10698
Joella Marin,OH,10670
Johnette Prester,LA,10599
Joleen Vaulkhard,VA,10399
Joyann Calleja,IN,10551
Joyous Heathorn,CA,10788
Juliet Gault,CA,10873
Kaitlynn Tocque,AZ,10546
Kale Grant,PA,10653
Kalila McKyrrelly,FL,10621
Karlis Limrick,LA,10528
Karoly Bramham,NC,10931
Karon Kett,TX,10016
Kellina Kringe,SD,10247
Kelvin Way,IA,10662
Kenn Davidovic,CO,10007
Kesley Andrat,ND,10712
Kip Steanyng,FL,10202
Latia Maddick,NJ,10464
Laura Patise,NC,10299
Laurella Lorman,MA,10779
Laverne Eborn,CA,10421
Lemar Somerville,NM,10633
Lemuel Connolly,FL,10353
Lennard Jarmain,KY,10279
Linoel Olenin,WA,10406
Livvy Founds,TX,10639
Loni Tzarkov,FL,10037
Lorinda Janusz,MT,10619
Lotte Blanket,CA,10088
Lotti Herion,TX,10041
Lotti Ilett,MN,10025
Lucia Townson,AZ,10794
Lucky Kinsett,CA,10047
Luella Denness,MO,10679
Lulita Sprosson,NC,10538
Lurette Janoschek,VA,10249
Maddy Mapp,TX,10213
Mallissa Gerriets,LA,10733
Mallorie Armitt,NC,10184
Marcile Curnick,DC,10762
Marian Wibrew,VA,10332
Marquita Aird,AR,10463
Martino Kurten,IA,10806
Mathias Fautly,TX,10765
Matthieu Grindrod,SC,10020
Maureen Gallone,DC,10244
Mei Kingzett,NC,10778
Merola Drynan,CA,10864
Mickie Tuddenham,FL,10443
Mignonne De la Eglise,NV,10042
Murielle Rogez,CA,10268
Myrle Ramsdell,TX,10407
Myrwyn Eat,FL,10276
Nanni Joule,NY,10654
Nara Downage,TN,10033
Neilla Brickell,FL,10185
Nessie Suff,NV,10231
Nessy Galloway,DC,10100
Nicolea Rohlf,CO,10153
Nigel Stanistrete,TX,10609
Nikos Van Zon,NY,10602
Norean Heustace,NY,10682
Norrie Trundell,GA,10800
Norton Fluger,CT,10612
Odell Neighbour,NE,10840
Olia Burgwyn,NC,10793
Olivette Stonier,CA,10101
Ollie Sayse,NV,10813
Oralee McCalister,WI,10236
Oralie Scintsbury,MA,10889
Orelie Maguire,TX,10862
Orelle Bonson,OK,10859
Papagena Liff,MD,10221
Pat Yarr,CA,10687
Patrica Denson,PA,10564
Patricia Hockell,VA,10143
Penrod Kubczak,PA,10512
Peyter Limprecht,FL,10663
Philly Ollier,WI,10490
Quincy Bausor,CA,10087
Quinta Bastide,CA,10298
Ranee Likly,LA,10516
Raynard Crowdace,DC,10405
Ric Reoch,NY,10196
Rickert Jahncke,CA,10777
Robert Livezey,DE,10364
Rodrigo Pelz,IA,10187
Rollie Ifill,NC,10975
Rona Armell,IL,10926
Roosevelt Foxcroft,MO,10710
Roslyn Peto,MI,10585
Rourke McLauchlin,KS,10548
Rubin Kilgannon,GA,10719
Ruthann Arkin,CA,10348
Rutherford Pedycan,NY,10660
Sal Jahns,CA,10990
Sawyer Weatherley,CA,10045
Scotty O'Hannen,CA,10930
Shay Jarvie,TX,10835
Sherlocke Costello,IN,10226
Shirl Lambol,VA,10474
Sophey Riccelli,TX,10522
Stanislas Coveley,TX,10623
Stephen Gallgher,NY,10553
Susi Gabits,TX,10579
Suzette Devonald,MO,10413
Suzi Muat,MD,10304
Suzy Zolini,VA,10027
Sven Arp,FL,10408
Talyah Ladson,CA,10972
Teador Cawthra,MI,10802
Thorstein Chantree,TX,10252
Thorvald Jaycock,IA,10339
Toddie Itzakson,VA,10169
Tomi Vicary,TN,10555
Tomlin Bunny,TN,10938
Torrence Bretherick,NY,10791
Towny Chellenham,MO,10761
Tricia Severns,OH,10576
Tyrone Connochie,KS,10447
Vale Essex,TX,10969
Valery Aseef,IA,10736
Viki Gooderridge,WI,10163
Vinny Whittington,IN,10497
Vivi Dobbie,NY,10181
Vivian Collomosse,CA,10632
Wain Muffitt,FL,10678
Wallache Keenor,CO,10207
Wanids Toulson,WA,10467
Westley Redgewell,MO,10384
Worden Gethouse,VA,10459
Xenia Hagergham,CA,10784
Yasmin Roblou,NY,10989
Zacherie Battie,CA,10933
Zelig Goodey,PA,10957
Zonda Wittman,IN,10558
Zonnya Bertson,OH,10760
Abigael Emmer,WI,10157
Abner Lilford,CT,10272
Addia Randles,GA,10442
Agustin Grinval,NY,10270
Ailey Guillond,TX,10689
Alanson D'Elia,NC,10208
Alecia Conville,VA,10588
Alejandrina Corcut,TX,10887
Alessandro Fullerlove,CO,10191
Alikee Manoelli,IL,10849
Aloysius Hague,VA,10606
Alwyn Rowntree,GA,10941
Alysia Byre,FL,10759
Amalee Emsden,MI,10415
Andra Verrill,HI,10015
Andree Lyosik,OH,10939
Anneliese Winterbourne,AL,10708
Antoinette Mensler,PA,10506
Antonius Goble,IL,10946
Archaimbaud Crebott,NC,10718
Archibald Beavon,MO,10499
Auguste Skyram,OH,10860
Aurie Tuffey,CT,10071
Bail Lethem,TX,10970
Bald Livock,CA,10563
Barclay Renhard,FL,10391
Baron Roblou,CA,10460
Barry Nano,TX,10577
Barton Burle,IL,10988
Bary Trunks,TX,10170
Bax Blenkiron,MI,10919
Belle Scheffler,CA,10832
Bertie Bowne,TX,10798
Beverie Reeds,WV,10242
Bird Benner,TX,10104
Blinnie Spurier,CA,10193
Brenden Grestie,GA,10148
Brent Arrow,NY,10426
Brent Flisher,VA,10481
Bryanty Garr,CT,10404
Bryce Bevens,CA,10240
Burty Oguz,MA,10312
Byrom Dawson,IA,10401
Cad Cartmael,SC,10177
Camala Loan,CA,10321
Carmel Treneman,MD,10315
Carolan Duxbarry,OH,10816
Cedric McIlhatton,FL,10842
Chandler Coolson,KY,10281
Chelsy Masey,SC,10285
Cherey Cuddon,TX,10966
Clementina Pennrington,MT,10979
Colas Danjoie,VA,10615
Coraline Danilyak,TX,10004
Cordey Makey,NY,10610
Court Christie,CA,10331
Crysta Stean,NE,10314
Curtis Girvin,IN,10996
Dallas Paulmann,TX,10444
Dana Heard,FL,10891
Dannye D'Elias,PA,10005
Darlleen Aitkenhead,IN,10584
Darnall Simion,CA,10222
Dasie Nicholson,DC,10323
Dave Gebbie,NV,10766
Debor Leffek,FL,10010
Dell Lawn,CA,10352
Delly Iley,MD,10618
Demetri Lindenblatt,GA,10138
Dominik Snawdon,KY,10554
Donetta Dumbrill,TX,10742
Dore Terbeck,FL,10012
Drake Clemont,GA,10258
Drusi Giron,TX,10179
Dudley Zuan,AL,10199
Eadmund Owttrim,IN,10967
Eddy Amott,CA,10846
Eleanore Panks,TX,10396
Electra Dainton,OK,10855
Emalee Fitchet,MN,10265
Emelita Blackmoor,SC,10825
Emery Bastie,IN,10925
Emmy Yellop,WV,10351
Eveline Keuntje,TX,10645
Fanya Dracksford,WI,10043
Farly Elen,WI,10029
Farrell Adamides,OH,10496
Fedora Wyleman,TX,10077
Fletch Forsyde,NY,10381
Fraser Stegel,TX,10881
Gaby Riddick,FL,10317
Gan Fulun,AK,10482
Gayler Erridge,TN,10320
Gerhard Toffanini,DC,10863
Gerty McCourt,SC,10195
Gideon O' Kelleher,TX,10868
Ginelle Sutterfield,CA,10952
Godfry Makinson,VA,10219
Griff Gristock,UT,10452
Gussi Rowth,NM,10166
Gwenora Punter,NY,10973
Gwyneth Dowdall,NY,10510
Hailee Deighton,SC,10994
Hallie Orrocks,CA,10641
Hannis Dradey,AL,10056
Hastings Leguay,NV,10131
Heidi Olyfant,CT,10468
Hermon Bakster,CA,10535
Herschel Farquharson,PA,10002
Hewitt Solano,FL,10953
Hope Dollin,TN,10731
Hugh Coxon,AZ,10854
Hy Wilks,ID,10307
Ilse Cawcutt,CA,10963
Isidor Grestye,WA,10006
Itch O'Shevlan,CA,10150
Ives Crowcroft,CA,10675
Jan Grenshields,SD,10067
Janaya Axtens,CA,10489
Jay McTeague,FL,10985
Jeffie Basten,PA,10345
Joanna Tomkin,TX,10540
Joeann Tal,TX,10225
Johnathan Barribal,CA,10218
Josias Teideman,AZ,10168
Karee Wilman,CA,10796
Kareem Jakubiak,TX,10440
Karyn Greggor,AZ,10634
Kathye Halle,UT,10427
Katuscha Tague,IL,10255
Kiley Panting,TX,10241
Kira Braunton,MD,10498
Klarika Digle,FL,10462
Koressa Coumbe,FL,10078
Korie Barker,AK,10347
Kriste Joney,AZ,10532
Kriste Lownds,GA,10273
Kristofer Leverage,PA,10050
Kyla Keysel,AZ,10638
Land Kadd,OK,10130
Lani Jefford,CA,10329
Lanna McIndrew,DC,10151
Laural Gretton,GA,10491
Laurella Weeden,CA,10812
Lauritz Fotheringham,KS,10819
Leland Crabbe,MN,10883
Leonhard Burchfield,OH,10373
Lexis Wakeford,AZ,10871
Lilah Cuel,AZ,10589
Lion Marishenko,MI,10763
Lissa Flintuff,MI,10253
Lowe Gatenby,FL,10262
Lynnell Sargood,FL,10397
Lyssa Whitear,DC,10644
Maggee Bendin,HI,10547
Maje Vasilmanov,CA,10282
Malia Tofts,NJ,10892
Marc Scawn,AK,10578
Marcelline Lathee,TX,10094
Marcile Boylund,IA,10808
Markos Saggs,MD,10125
Martino Cirlos,IL,10453
Mattheus Littler,AR,10341
Matthiew Dorricott,AZ,10601
Maude Denzilow,VA,10152
Maureen Glossup,SC,10306
Maurise Sconce,NV,10235
Maxy Rosenbarg,MO,10904
Melessa Preddy,TX,10113
Merrilee McCane,FL,10048
Michaelina O'Cannon,TX,10991
Minor Kellen,TX,10520
Minor Weedall,DC,10082
Miran Wallentin,MN,10821
Mirella Eslemont,IA,10418
Monah Scramage,AL,10256
Morgan Whapples,CA,10927
My Grimm,TX,10392
Myrtia Wilfinger,MA,10508
Nani Blinckhorne,VA,10485
Nappie Mattaser,GA,10706
Ned Moulder,CA,10790
Neron Cowling,TX,10571
Nevins Roll,DC,10322
Nicolas Marshall,MA,10954
Noby Arnow,WA,10901
Normand Van der Kruijs,VA,10335
Olag Rozenzweig,PA,10529
Oran Retallick,TX,10534
Pamella Brugman,TX,10263
Patric Rapkins,FL,10567
Patrizius Braunton,DC,10245
Pepillo Lindbergh,KY,10330
Phebe Beceril,TX,10290
Phylis MacMaykin,SC,10805
Quentin De Bischof,IL,10795
Raffaello Higgan,TX,10741
Reena Mackro,TX,10734
Regan Strutz,GA,10451
Reggis MacGlory,VA,10417
Rik Pithcock,KY,10475
Roldan Gallo,DE,10877
Salvatore Buney,MN,10659
Samaria Popplewell,TN,10068
Sanson Zotto,CT,10291
Saundra Thomson,DE,10013
Selestina Wenban,TN,10197
Seumas Olliver,FL,10052
Shalne Biddell,NY,10053
Shantee Bernth,KS,10036
Sheba Balk,NY,10419
Sid Hiom,DC,10378
Smitty Hawkswell,CO,10688
Spencer Castiello,NY,10423
Stefanie Quimby,MN,10142
Stella Bisco,TX,10325
Sue Stuck,MN,10878
Tabb Prozescky,OK,10828
Talbot Hallede,VA,10034
Tamarra Hearson,NY,10570
Teodora Hadaway,AZ,10136
Terencio Mohammed,CA,10993
Terri Herety,VA,10811
Thalia McNaught,CA,10690
Thatch Klaves,FL,10380
Theodor Nottingam,CA,10716
Thomasina Beardshaw,TX,10412
Torrey Lamball,PA,10471
Travus McAsgill,TN,10965
Tybalt Draper,WV,10367
Ulric Phorsby,FL,10822
Ulrica Garr,MN,10900
Umberto Draisey,NY,10703
Upton Trowle,NY,10382
Ursulina Sallinger,DE,10141
Vanya Follin,KY,10446
Vera Andric,CA,10894
Vernor McGillecole,VA,10009
Vicky Tuminini,NC,10590
Wash Latore,NC,10062
Westley Jollye,OK,10076
Willey Potkins,TX,10714
Yank Madge,FL,10841
Yolanda Kahler,HI,10044
Yuri Couchman,FL,10769
Zollie Pettyfer,WY,10695
Zolly Heilds,TX,10305
Agustin Deards,FL,10527
Aimil Soldner,FL,10310
Alberto Click,TX,10951
Alyson Leftly,TX,10955
Amelina Tasch,TX,10748
Anastasie Eaton,ND,10605
Anatollo Arch,DC,10997
Andra Lyosik,SC,10865
Antoinette Heffy,KS,10823
Aretha Bray,GA,10882
Aretha Morgans,IA,10592
Ariana Liles,TX,10753
Arlen Armitt,AL,10165
Arman Cockerell,CA,10188
Arnoldo Mottley,CO,10773
Auberon Cattonnet,CA,10073
Aubrey Surplice,WA,10895
Aundrea Moodie,CA,10902
Avery Campkin,NJ,10379
Bartlet Brunn,CT,10394
Barton Foakes,TX,10484
Bathsheba Willimott,CA,10233
Becka Cheek,PA,10230
Bennie Shah,FL,10908
Berkeley Brendish,WA,10635
Blaire Lamacraft,NY,10018
Brad Sollime,FL,10096
Brand Clapham,NC,10155
Brit Calvie,CA,10888
Brittne Galsworthy,FL,10643
Brodie Wickie,WI,10893
Bronny Maryman,CA,10039
Brucie Ickovits,TX,10127
Buddy Cregeen,OH,10021
Cal Grunnell,NE,10450
Calvin Sweedland,FL,10544
Carlin McRae,AZ,10283
Caryl Ivanchin,CA,10480
Cathlene Becker,TX,10275
Cece Davidai,TX,10565
Cello Dudney,DE,10680
Cheri Abbotts,OK,10436
Chrissy Hyde,MN,10300
Christie Kirsop,NY,10729
Clarette Pithcock,AZ,10724
Clarette Russ,FL,10180
Clarisse Govan,WI,10203
Cobbie Mantha,MN,10430
Con Petschel,TX,10550
Concordia Shird,CA,10081
Constantina Hubber,CA,10775
Corinna Slide,SC,10694
Craggy Di Giacomettino,MS,10711
Cthrine Brabban,MI,10237
Dale Curry,DE,10303
Dallis Leed,OH,10204
Danyelle Sowley,TX,10084
Darcy Coursor,IL,10369
Darwin Dahmke,UT,10583
Dayna Ledger,FL,10147
Deane Cornew,GA,10099
Deeyn Koomar,OH,10874
Denys Dykas,WA,10293
Domenic Atwool,VA,10651
Doreen Bonicelli,OK,10737
Dreddy Longland,TX,10091
Drew Dumberell,DC,10301
Dru Fintoph,AZ,10890
Drusy Mockler,NC,10174
Dulsea Godden,CO,10296
Dunc Gossage,DE,10340
Elinore Hagley,FL,10807
Eloisa Whanstall,IA,10693
Elvina Garroway,VA,10500
Emelina Landor,LA,10591
Emeline Redwing,FL,10665
Erl Haimes,FL,10739
Esma Bassham,NY,10797
Estevan Morad,NY,10370
Ethelyn Pooke,OH,10684
Evelyn Tebbitt,UT,10102
Evelyn Turbefield,CA,10416
Farlie Petricek,GA,10622
Fayette May,AL,10085
Fenelia Exton,PA,10801
Fidelia Ivy,HI,10674
Flore Doneld,IA,10438
Forest Taudevin,FL,10704
Frannie Braksper,CA,10603
Freddy Errichiello,NM,10495
Gabbi Durbridge,FL,10559
Garner Wordsworth,NM,10843
Garner Yukhnini,NY,10032
Garrek Champerlen,NE,10135
Gasparo Scotting,NC,10278
Gav Blamires,WV,10617
Gerri Bartholomew,TX,10017
Giselbert Rupke,UT,10686
Godart Jennery,NJ,10803
Goran Matyukon,VA,10830
Gothart Bagott,PA,10149
Grata Larciere,TX,10206
Guendolen Petrou,TX,10286
Gwendolin Normanville,AR,10740
Hakim Nelhams,VA,10594
Halie Le Houx,OR,10833
Harlan O'Lehane,CA,10521
Harrie Gemmill,RI,10146
Harrie Knock,MO,10705
Hastie Derbyshire,NY,10720
Hedwiga Stephens,TX,10628
Henrietta Feltham,LA,10269
Herbie De Angelis,NY,10215
Herminia Preble,TX,10657
Hersh Castilla,MA,10980
Hestia Rozet,PA,10616
Hillie Holttom,MD,10250
Ignace Dillingstone,KY,10376
Ikey Abbati,CO,10333
Inesita O'Cassidy,MS,10470
Ira Kenningham,OK,10942
Issy Rawson,MI,10319
Ivett Godman,TX,10826
Jackson Pahler,PA,10338
Jada Oakeshott,FL,10968
Jania Trillo,AZ,10455
Jarred Sexten,MO,10727
Jason Grocutt,MA,10115
Jason Murford,AK,10815
Jemima Hayesman,DC,10836
Jeremie Onraet,TX,10608
Jillian Charle,DC,10948
Jillian Kincade,KY,10920
Joseito Turbern,OH,10284
Judith Clayborn,MN,10175
Kalindi McMaster,IN,10726
Kattie Nethercott,IN,10582
Keely Charteris,MO,10562
Kelcie Bernaciak,MO,10735
Kelsey Pavolillo,SC,10683
Kinna Dimitriades,FL,10850
Kipper Seatter,FL,10829
Kitti Jinkin,IN,10627
Kordula Marchelli,TX,10541
Kristoforo Rainville,CA,10114
Laney Brehat,OH,10086
Lauraine Sanpher,CA,10792
Lebbie Connew,DC,10292
Lemuel Sambedge,TX,10156
Leonore Mapp,NY,10837
Lev Linny,NY,10355
Lewiss Van Dijk,DC,10366
Lilias Spalding,IL,10956
Loraine Matzel,IL,10434
Mac Temblett,TX,10257
Marti Crosscombe,OR,10593
Martie Soles,DE,10999
Maryrose Benardeau,IA,10867
Maureene Ebbrell,FL,10277
Maxi Cordeix,OK,10597
Mead Rodolf,HI,10656
Melina Batchley,SC,10673
Melly Hartgill,TX,10936
Merrielle Strank,FL,10074
Michaeline Grabeham,FL,10209
Micheil De Clairmont,VA,10971
Mill Paddie,OK,10642
Minni Mostyn,NC,10896
Mordecai Crumb,CA,10411
Moritz McLelland,NY,10107
Mort Smillie,IN,10090
Myrilla Pau,LA,10787
Nanni Rodger,CA,10905
Naomi Tapper,CA,10503
Nels Swetenham,CA,10533
Nevil Bate,NY,10211
Neysa Cottisford,KS,10060
Nickie Dominicacci,AR,10932
Nikkie Kennaway,MO,10964
Nil Ainslie,OH,10746
Odo Jecock,GA,10754
Oralee Logsdail,UT,10493
Orazio Upcott,AR,10857
Othilie Tieman,TX,10504
Page MacSkeaghan,TX,10949
Patric Jeskins,NY,10358
Prudi Andrini,DC,10371
Puff Atte-Stone,CA,10950
Raddy Cray,CA,10636
Randall Bennetto,KY,10625
Rea Nassy,TN,10752
Renate Wapol,MN,10960
Retha Jossel,DC,10232
Rey Tilney,AZ,10880
Ricard Jewkes,IL,10441
Rich MacCaughey,CA,10098
Robena Topliss,NY,10962
Rodie Mallison,NY,10764
Roley Clarridge,MO,10437
Ronna Stanmore,CO,10958
Rosalinda Fawltey,OH,10429
Roseanna Melonby,IL,10987
Rosita Zannolli,DC,10212
Royce Coad,TX,10845
Rube Stranieri,VA,10313
Ruperto Donnachie,TX,10664
Ruth Dullingham,LA,10502
Rutledge Elham,MO,10122
Rutledge Giottini,MO,10445
Sadella Lefever,OK,10509
Sam Liffey,OK,10383
Sayre Rotter,GA,10916
Selby Kestle,MD,10809
Sephira Mews,AZ,10744
Sigismundo Hedge,CA,10349
Simona Kingerby,AZ,10385
Sinclair Lacase,TX,10344
Solomon Veall,AL,10974
Son Starmont,IL,10786
Sonnnie Hyatt,MO,10389
Spencer Daveren,OH,10057
Sutton Leisman,TX,10912
Tabby Kryszka,DC,10030
Tammara Greatrakes,OH,10715
Tana Collister,OK,10899
Ted Grogan,AK,10458
Tessi Rushbrooke,GA,10089
Thayne Armsby,MO,10918
Thurstan Dumini,VA,10210
Tisha McKinstry,CA,10738
Tobiah Malcolm,LA,10543
Trixy Donnett,OR,10749
Turner Simoneschi,TX,10640
Ulla MacRorie,WI,10568
Valdemar Peggrem,TX,10083
Valentina Pestricke,NJ,10906
Valentine Laven,FL,10743
Vincent Capron,TX,10604
Virgil Chatt,CT,10461
Vittoria Orred,FL,10725
Vivia Scoggan,FL,10064
Whitney Pykerman,CO,10717
Yurik Sydes,SC,10254
